{"loss": [13.406692184135576, 13.009016089055553, 13.048233319444133, 12.946107618395352, 12.81589980765892, 12.761211559755425, 12.966214716111672, 12.742703252403366, 12.97830857446784, 12.76963758154708], "accuracy": [0.9417644502390266, 0.9514703751991888, 0.9504563233376793, 0.9529190207156308, 0.9568303636100246, 0.9582790091264668, 0.9529190207156308, 0.9588584673330436, 0.9527741561639866, 0.9585687382297552]}{"loss": [13.406692184135576, 13.009016089055553, 13.048233319444133, 12.946107618395352, 12.81589980765892, 12.761211559755425, 12.966214716111672, 12.742703252403366, 12.97830857446784, 12.76963758154708], "accuracy": [0.9417644502390266, 0.9514703751991888, 0.9504563233376793, 0.9529190207156308, 0.9568303636100246, 0.9582790091264668, 0.9529190207156308, 0.9588584673330436, 0.9527741561639866, 0.9585687382297552], "TN": 3696.0, "FP": 31.0, "FN": 255.0, "TP": 2921.0, "Accuracy": 0.9585687382297552, "Recall (TPR)": 0.9197103274559194, "Precision": 0.9894986449864499, "FPR (Fall-out)": 0.008317681781593774, "DRN": 0.9916823182184062, "F_1 score": 0.9533289817232375}