{"loss": [13.585541725158691, 12.996598243713379, 12.931855201721191, 12.995521545410156, 12.790776252746582, 12.916534423828125, 12.81100082397461, 12.884529113769531, 12.82495403289795, 12.897655487060547, 12.682598114013672, 12.610154151916504, 12.612004280090332, 12.5875825881958, 12.425400733947754, 12.435089111328125, 12.53382396697998, 12.42901611328125, 12.593269348144531, 12.446013450622559], "accuracy": [0.9388671592061423, 0.9519049688541213, 0.9542228016804288, 0.9520498334057657, 0.9575546863682457, 0.9545125307837172, 0.957120092713313, 0.9549471244386498, 0.9566854990583804, 0.9546573953353614, 0.9605968419527742, 0.9629146747790815, 0.9629146747790815, 0.9633492684340142, 0.967984934086629, 0.9678400695349848, 0.9647979139504563, 0.9678400695349848, 0.9632044038823699, 0.9674054758800521]}{"loss": [13.585541725158691, 12.996598243713379, 12.931855201721191, 12.995521545410156, 12.790776252746582, 12.916534423828125, 12.81100082397461, 12.884529113769531, 12.82495403289795, 12.897655487060547, 12.682598114013672, 12.610154151916504, 12.612004280090332, 12.5875825881958, 12.425400733947754, 12.435089111328125, 12.53382396697998, 12.42901611328125, 12.593269348144531, 12.446013450622559], "accuracy": [0.9388671592061423, 0.9519049688541213, 0.9542228016804288, 0.9520498334057657, 0.9575546863682457, 0.9545125307837172, 0.957120092713313, 0.9549471244386498, 0.9566854990583804, 0.9546573953353614, 0.9605968419527742, 0.9629146747790815, 0.9629146747790815, 0.9633492684340142, 0.967984934086629, 0.9678400695349848, 0.9647979139504563, 0.9678400695349848, 0.9632044038823699, 0.9674054758800521], "TN": 3707.0, "FP": 20.0, "FN": 205.0, "TP": 2971.0, "Accuracy": 0.9674054758800521, "Recall (TPR)": 0.9354534005037783, "Precision": 0.9933132731527917, "FPR (Fall-out)": 0.005366246310705662, "DRN": 0.9946337536892943, "F_1 score": 0.9635154856494244}