{"loss": [17.011660424994144, 13.273878430438451, 13.123817958179446, 13.099611079131948, 13.016477930173592, 13.086604530982079, 12.944009976026448, 12.84968577676527, 12.920561102181017, 12.946436258027438], "accuracy": [0.8309430682312038, 0.9432130957554686, 0.9481384905113719, 0.9491525423728814, 0.9513255106475446, 0.9491525423728814, 0.9536433434738519, 0.9561060408518036, 0.9539330725771403, 0.9532087498189193]}{"loss": [17.011660424994144, 13.273878430438451, 13.123817958179446, 13.099611079131948, 13.016477930173592, 13.086604530982079, 12.944009976026448, 12.84968577676527, 12.920561102181017, 12.946436258027438], "accuracy": [0.8309430682312038, 0.9432130957554686, 0.9481384905113719, 0.9491525423728814, 0.9513255106475446, 0.9491525423728814, 0.9536433434738519, 0.9561060408518036, 0.9539330725771403, 0.9532087498189193], "TN": 3699.0, "FP": 28.0, "FN": 295.0, "TP": 2881.0, "Accuracy": 0.9532087498189193, "Recall (TPR)": 0.9071158690176322, "Precision": 0.9903746992093503, "FPR (Fall-out)": 0.007512744834987926, "DRN": 0.9924872551650121, "F_1 score": 0.9469186524239933}