{"loss": [11.091239929199219, 11.088181495666504, 10.646783828735352, 10.347953796386719, 10.216437339782715, 10.161417007446289, 10.151738166809082, 10.148036003112793, 10.143588066101074, 10.14210319519043, 10.140274047851562, 10.134603500366211, 10.133439064025879, 10.133001327514648, 10.131782531738281, 10.132287979125977, 10.131031036376953, 10.130985260009766, 10.130301475524902, 10.130450248718262, 10.130041122436523, 10.129561424255371, 10.129714965820312, 10.128395080566406, 10.12944507598877, 10.126507759094238, 10.116766929626465, 10.099834442138672, 10.10036849975586, 10.09862232208252, 10.098151206970215, 10.097800254821777, 10.095807075500488, 10.09477424621582, 10.092625617980957, 10.090034484863281, 10.091020584106445, 10.088069915771484, 10.087591171264648, 10.08845329284668, 10.084819793701172, 10.085271835327148, 10.082684516906738, 10.066287994384766, 10.065644264221191, 10.064011573791504, 10.059324264526367, 10.056193351745605, 10.05522632598877, 10.055495262145996], "accuracy": [0.9666197435633328, 0.9667074859516807, 0.981005680365924, 0.989818068065204, 0.9939381454311013, 0.9956739187658079, 0.9959752947953504, 0.9960973711617473, 0.9962423368468437, 0.9962881154842426, 0.996352968553891, 0.9965360831034864, 0.9965742319679854, 0.9965856766273352, 0.9966200106053843, 0.9965971212866849, 0.9966428999240837, 0.9966428999240837, 0.9966657892427832, 0.9966581594698833, 0.9966772339021329, 0.9966886785614826, 0.9966848636750327, 0.9967268274259816, 0.9966924934479325, 0.9967840507227302, 0.9970777969793729, 0.9976195108552594, 0.9976004364230099, 0.9976538448333085, 0.9976691043791082, 0.9976805490384578, 0.9977454021081062, 0.9977759211997055, 0.9978407742693539, 0.9979247017712518, 0.9978941826796526, 0.9979857399544503, 0.9980009995002499, 0.9979742952951005, 0.9980887418885976, 0.998073482342798, 0.9981535949582461, 0.9986686046289832, 0.9986876790612328, 0.9987334576986316, 0.9988822382701779, 0.9989814253178754, 0.9990119444094746, 0.9990043146365748]}{"loss": [11.091239929199219, 11.088181495666504, 10.646783828735352, 10.347953796386719, 10.216437339782715, 10.161417007446289, 10.151738166809082, 10.148036003112793, 10.143588066101074, 10.14210319519043, 10.140274047851562, 10.134603500366211, 10.133439064025879, 10.133001327514648, 10.131782531738281, 10.132287979125977, 10.131031036376953, 10.130985260009766, 10.130301475524902, 10.130450248718262, 10.130041122436523, 10.129561424255371, 10.129714965820312, 10.128395080566406, 10.12944507598877, 10.126507759094238, 10.116766929626465, 10.099834442138672, 10.10036849975586, 10.09862232208252, 10.098151206970215, 10.097800254821777, 10.095807075500488, 10.09477424621582, 10.092625617980957, 10.090034484863281, 10.091020584106445, 10.088069915771484, 10.087591171264648, 10.08845329284668, 10.084819793701172, 10.085271835327148, 10.082684516906738, 10.066287994384766, 10.065644264221191, 10.064011573791504, 10.059324264526367, 10.056193351745605, 10.05522632598877, 10.055495262145996], "accuracy": [0.9666197435633328, 0.9667074859516807, 0.981005680365924, 0.989818068065204, 0.9939381454311013, 0.9956739187658079, 0.9959752947953504, 0.9960973711617473, 0.9962423368468437, 0.9962881154842426, 0.996352968553891, 0.9965360831034864, 0.9965742319679854, 0.9965856766273352, 0.9966200106053843, 0.9965971212866849, 0.9966428999240837, 0.9966428999240837, 0.9966657892427832, 0.9966581594698833, 0.9966772339021329, 0.9966886785614826, 0.9966848636750327, 0.9967268274259816, 0.9966924934479325, 0.9967840507227302, 0.9970777969793729, 0.9976195108552594, 0.9976004364230099, 0.9976538448333085, 0.9976691043791082, 0.9976805490384578, 0.9977454021081062, 0.9977759211997055, 0.9978407742693539, 0.9979247017712518, 0.9978941826796526, 0.9979857399544503, 0.9980009995002499, 0.9979742952951005, 0.9980887418885976, 0.998073482342798, 0.9981535949582461, 0.9986686046289832, 0.9986876790612328, 0.9987334576986316, 0.9988822382701779, 0.9989814253178754, 0.9990119444094746, 0.9990043146365748], "TN": 253340.0, "FP": 41.0, "FN": 220.0, "TP": 8530.0, "Accuracy": 0.9990043146365748, "Recall (TPR)": 0.9748571428571429, "Precision": 0.9952164274880411, "FPR (Fall-out)": 0.0001618116591220336, "DRN": 0.999838188340878, "F_1 score": 0.9849315859361468}