{"loss": [12.764993667602539, 10.566245079040527, 10.350236892700195, 10.311788558959961, 10.29630184173584, 10.285795211791992, 10.276521682739258, 10.273876190185547, 10.267891883850098, 10.265369415283203, 10.264001846313477, 10.263927459716797, 10.263871192932129, 10.261777877807617, 10.259563446044922, 10.247507095336914, 10.241775512695312, 10.244314193725586, 10.249124526977539, 10.247514724731445, 10.225753784179688, 10.218420028686523, 10.218151092529297, 10.21762466430664, 10.217730522155762, 10.221755981445312, 10.219236373901367, 10.216102600097656, 10.215909957885742, 10.216429710388184, 10.216266632080078, 10.214665412902832, 10.215311050415039, 10.215304374694824, 10.214454650878906, 10.214569091796875, 10.213875770568848, 10.214860916137695, 10.215429306030273, 10.213947296142578, 10.214255332946777, 10.2158203125, 10.214064598083496, 10.215129852294922, 10.213638305664062, 10.212947845458984, 10.214147567749023, 10.213134765625, 10.21278190612793, 10.214765548706055], "accuracy": [0.9636305117476666, 0.9908271644673319, 0.9953331187640811, 0.99581589958159, 0.9967814612166077, 0.9969423881557773, 0.9972642420341166, 0.9971033150949469, 0.9974251689732861, 0.9974251689732861, 0.9974251689732861, 0.9974251689732861, 0.9974251689732861, 0.9974251689732861, 0.9975860959124557, 0.997907949790795, 0.9980688767299646, 0.997907949790795, 0.9977470228516253, 0.9977470228516253, 0.9985516575474734, 0.9988735114258127, 0.9988735114258127, 0.9988735114258127, 0.9988735114258127, 0.998712584486643, 0.9988735114258127, 0.9988735114258127, 0.9988735114258127, 0.9988735114258127, 0.9988735114258127, 0.9988735114258127, 0.9988735114258127, 0.9988735114258127, 0.9988735114258127, 0.9988735114258127, 0.9990344383649823, 0.9990344383649823, 0.9988735114258127, 0.9990344383649823, 0.9990344383649823, 0.9988735114258127, 0.9990344383649823, 0.9988735114258127, 0.9990344383649823, 0.9990344383649823, 0.9990344383649823, 0.9990344383649823, 0.9990344383649823, 0.9988735114258127]}{"loss": [12.764993667602539, 10.566245079040527, 10.350236892700195, 10.311788558959961, 10.29630184173584, 10.285795211791992, 10.276521682739258, 10.273876190185547, 10.267891883850098, 10.265369415283203, 10.264001846313477, 10.263927459716797, 10.263871192932129, 10.261777877807617, 10.259563446044922, 10.247507095336914, 10.241775512695312, 10.244314193725586, 10.249124526977539, 10.247514724731445, 10.225753784179688, 10.218420028686523, 10.218151092529297, 10.21762466430664, 10.217730522155762, 10.221755981445312, 10.219236373901367, 10.216102600097656, 10.215909957885742, 10.216429710388184, 10.216266632080078, 10.214665412902832, 10.215311050415039, 10.215304374694824, 10.214454650878906, 10.214569091796875, 10.213875770568848, 10.214860916137695, 10.215429306030273, 10.213947296142578, 10.214255332946777, 10.2158203125, 10.214064598083496, 10.215129852294922, 10.213638305664062, 10.212947845458984, 10.214147567749023, 10.213134765625, 10.21278190612793, 10.214765548706055], "accuracy": [0.9636305117476666, 0.9908271644673319, 0.9953331187640811, 0.99581589958159, 0.9967814612166077, 0.9969423881557773, 0.9972642420341166, 0.9971033150949469, 0.9974251689732861, 0.9974251689732861, 0.9974251689732861, 0.9974251689732861, 0.9974251689732861, 0.9974251689732861, 0.9975860959124557, 0.997907949790795, 0.9980688767299646, 0.997907949790795, 0.9977470228516253, 0.9977470228516253, 0.9985516575474734, 0.9988735114258127, 0.9988735114258127, 0.9988735114258127, 0.9988735114258127, 0.998712584486643, 0.9988735114258127, 0.9988735114258127, 0.9988735114258127, 0.9988735114258127, 0.9988735114258127, 0.9988735114258127, 0.9988735114258127, 0.9988735114258127, 0.9988735114258127, 0.9988735114258127, 0.9990344383649823, 0.9990344383649823, 0.9988735114258127, 0.9990344383649823, 0.9990344383649823, 0.9988735114258127, 0.9990344383649823, 0.9988735114258127, 0.9990344383649823, 0.9990344383649823, 0.9990344383649823, 0.9990344383649823, 0.9990344383649823, 0.9988735114258127], "TN": 3847.0, "FP": 0.0, "FN": 7.0, "TP": 2360.0, "Accuracy": 0.9988735114258127, "Recall (TPR)": 0.9970426700464723, "Precision": 1.0, "FPR (Fall-out)": 0.0, "DRN": 1.0, "F_1 score": 0.9985191453353078}