{"loss": [24.883033752441406, 24.868408203125, 24.83300018310547, 24.811588287353516, 24.790409088134766], "accuracy": [0.5399101839779806, 0.5399101839779806, 0.5399101839779806, 0.5399101839779806, 0.5399101839779806]}{"loss": [24.883033752441406, 24.868408203125, 24.83300018310547, 24.811588287353516, 24.790409088134766], "accuracy": [0.5399101839779806, 0.5399101839779806, 0.5399101839779806, 0.5399101839779806, 0.5399101839779806], "TN": 3727.0, "FP": 0.0, "FN": 3176.0, "TP": 0.0, "Accuracy": 0.5399101839779806, "Recall (TPR)": 0.0, "Precision": NaN, "FPR (Fall-out)": 0.0, "DRN": 1.0, "F_1 score": NaN}