{"loss": [24.6539363861084, 22.241247177124023, 21.282318115234375, 19.957773208618164, 19.863739013671875, 19.052757263183594, 18.889888763427734, 18.894502639770508, 18.56226348876953, 18.78091049194336, 19.00761604309082, 18.073667526245117, 18.314146041870117, 18.113204956054688, 17.841629028320312, 17.973134994506836, 18.05605697631836, 17.536298751831055, 17.79132652282715, 17.79667854309082], "accuracy": [0.5627987831377662, 0.6824569027958859, 0.6998406489931913, 0.7522816166883963, 0.7496740547588006, 0.7787918296392873, 0.779950746052441, 0.779950746052441, 0.7916847747356222, 0.7832826307402578, 0.7767637259162683, 0.8064609590033319, 0.800376647834275, 0.8044328552803129, 0.8132695929306099, 0.8084890627263509, 0.8066058235549761, 0.8184847167898015, 0.813993915688831, 0.8150079675503404]}{"loss": [24.6539363861084, 22.241247177124023, 21.282318115234375, 19.957773208618164, 19.863739013671875, 19.052757263183594, 18.889888763427734, 18.894502639770508, 18.56226348876953, 18.78091049194336, 19.00761604309082, 18.073667526245117, 18.314146041870117, 18.113204956054688, 17.841629028320312, 17.973134994506836, 18.05605697631836, 17.536298751831055, 17.79132652282715, 17.79667854309082], "accuracy": [0.5627987831377662, 0.6824569027958859, 0.6998406489931913, 0.7522816166883963, 0.7496740547588006, 0.7787918296392873, 0.779950746052441, 0.779950746052441, 0.7916847747356222, 0.7832826307402578, 0.7767637259162683, 0.8064609590033319, 0.800376647834275, 0.8044328552803129, 0.8132695929306099, 0.8084890627263509, 0.8066058235549761, 0.8184847167898015, 0.813993915688831, 0.8150079675503404], "TN": 3653.0, "FP": 74.0, "FN": 1203.0, "TP": 1973.0, "Accuracy": 0.8150079675503404, "Recall (TPR)": 0.6212216624685138, "Precision": 0.9638495359062041, "FPR (Fall-out)": 0.019855111349610946, "DRN": 0.9801448886503891, "F_1 score": 0.755504499329887}