{"loss": [23.923189163208008, 20.96543312072754, 19.406490325927734, 18.128747940063477, 17.572587966918945], "accuracy": [0.6093003042155585, 0.7233087063595538, 0.7640156453715776, 0.8064609590033319, 0.8231203824424164]}