{"loss": [27.837429808627096, 27.841505895583623, 30.721487779641627, 24.953298500158073], "accuracy": [0.5399101839779806, 0.5399101839779806, 0.4600898160220194, 0.5399101839779806]}