{"loss": [24.80792808532715, 24.781002044677734], "accuracy": [0.540199913081269, 0.540199913081269]}