{"loss": [13.659361839294434, 13.273008346557617, 12.978509902954102, 13.054830551147461, 12.88509750366211, 12.90149211883545, 12.938518524169922, 12.832999229431152, 12.841750144958496, 12.992256164550781], "accuracy": [0.9337968998985948, 0.9469795740982182, 0.9521946979574099, 0.9503114587860351, 0.954367666232073, 0.9545125307837172, 0.9539330725771403, 0.956395769955092, 0.9562509054034478, 0.9521946979574099]}{"loss": [13.659361839294434, 13.273008346557617, 12.978509902954102, 13.054830551147461, 12.88509750366211, 12.90149211883545, 12.938518524169922, 12.832999229431152, 12.841750144958496, 12.992256164550781], "accuracy": [0.9337968998985948, 0.9469795740982182, 0.9521946979574099, 0.9503114587860351, 0.954367666232073, 0.9545125307837172, 0.9539330725771403, 0.956395769955092, 0.9562509054034478, 0.9521946979574099], "TN": 3654.0, "FP": 73.0, "FN": 257.0, "TP": 2919.0, "Accuracy": 0.9521946979574099, "Recall (TPR)": 0.9190806045340051, "Precision": 0.9756016042780749, "FPR (Fall-out)": 0.019586799034075664, "DRN": 0.9804132009659243, "F_1 score": 0.9464980544747081}