{"loss": [24.692127227783203, 24.086830139160156, 23.236541748046875, 21.433530807495117, 19.785499572753906, 19.29766082763672, 18.9140625, 18.283245086669922, 17.527259826660156, 16.506017684936523, 15.84575080871582, 15.171497344970703, 14.742919921875, 14.38792610168457, 14.190401077270508, 13.826025009155273, 13.738356590270996, 13.590628623962402, 13.538820266723633, 13.400819778442383, 13.338446617126465, 13.205280303955078, 13.17994213104248, 13.10660457611084, 13.084566116333008, 13.031944274902344, 13.075846672058105, 13.000243186950684, 12.981539726257324, 12.944099426269531, 12.942683219909668, 12.941946983337402, 12.934032440185547, 12.905649185180664, 12.912954330444336, 12.861183166503906, 12.885881423950195, 12.88673210144043, 12.910415649414062, 12.904491424560547, 12.926517486572266, 12.847404479980469, 12.881109237670898, 12.843994140625, 12.866817474365234, 12.868877410888672, 12.829139709472656, 12.818363189697266, 12.834949493408203, 12.822443008422852], "accuracy": [0.5669998551354484, 0.6229175720701144, 0.6521802115022454, 0.739823265246994, 0.7650296972330871, 0.7685064464725482, 0.7790815587425757, 0.7970447631464581, 0.8202230914095321, 0.8519484282196147, 0.8691873098652759, 0.8900478053020426, 0.9004780530204259, 0.9116326234970302, 0.9180066637693757, 0.9281471823844705, 0.930465015210778, 0.9345212226568159, 0.9355352745183254, 0.9404606692742286, 0.942054179342315, 0.9458206576850645, 0.9469795740982182, 0.9487179487179487, 0.9494422714761698, 0.9511806460959004, 0.949587136027814, 0.9511806460959004, 0.9520498334057657, 0.9533536143705635, 0.9533536143705635, 0.9537882080254961, 0.9536433434738519, 0.9542228016804288, 0.9540779371287846, 0.956395769955092, 0.9550919889902941, 0.9548022598870056, 0.9545125307837172, 0.9549471244386498, 0.9534984789222077, 0.9559611763001593, 0.9556714471968709, 0.956395769955092, 0.9550919889902941, 0.9550919889902941, 0.956395769955092, 0.957120092713313, 0.956395769955092, 0.9569752281616688]}{"loss": [24.692127227783203, 24.086830139160156, 23.236541748046875, 21.433530807495117, 19.785499572753906, 19.29766082763672, 18.9140625, 18.283245086669922, 17.527259826660156, 16.506017684936523, 15.84575080871582, 15.171497344970703, 14.742919921875, 14.38792610168457, 14.190401077270508, 13.826025009155273, 13.738356590270996, 13.590628623962402, 13.538820266723633, 13.400819778442383, 13.338446617126465, 13.205280303955078, 13.17994213104248, 13.10660457611084, 13.084566116333008, 13.031944274902344, 13.075846672058105, 13.000243186950684, 12.981539726257324, 12.944099426269531, 12.942683219909668, 12.941946983337402, 12.934032440185547, 12.905649185180664, 12.912954330444336, 12.861183166503906, 12.885881423950195, 12.88673210144043, 12.910415649414062, 12.904491424560547, 12.926517486572266, 12.847404479980469, 12.881109237670898, 12.843994140625, 12.866817474365234, 12.868877410888672, 12.829139709472656, 12.818363189697266, 12.834949493408203, 12.822443008422852], "accuracy": [0.5669998551354484, 0.6229175720701144, 0.6521802115022454, 0.739823265246994, 0.7650296972330871, 0.7685064464725482, 0.7790815587425757, 0.7970447631464581, 0.8202230914095321, 0.8519484282196147, 0.8691873098652759, 0.8900478053020426, 0.9004780530204259, 0.9116326234970302, 0.9180066637693757, 0.9281471823844705, 0.930465015210778, 0.9345212226568159, 0.9355352745183254, 0.9404606692742286, 0.942054179342315, 0.9458206576850645, 0.9469795740982182, 0.9487179487179487, 0.9494422714761698, 0.9511806460959004, 0.949587136027814, 0.9511806460959004, 0.9520498334057657, 0.9533536143705635, 0.9533536143705635, 0.9537882080254961, 0.9536433434738519, 0.9542228016804288, 0.9540779371287846, 0.956395769955092, 0.9550919889902941, 0.9548022598870056, 0.9545125307837172, 0.9549471244386498, 0.9534984789222077, 0.9559611763001593, 0.9556714471968709, 0.956395769955092, 0.9550919889902941, 0.9550919889902941, 0.956395769955092, 0.957120092713313, 0.956395769955092, 0.9569752281616688], "TN": 3706.0, "FP": 21.0, "FN": 276.0, "TP": 2900.0, "Accuracy": 0.9569752281616688, "Recall (TPR)": 0.9130982367758187, "Precision": 0.9928106812735364, "FPR (Fall-out)": 0.005634558626240944, "DRN": 0.994365441373759, "F_1 score": 0.9512875184516976}