{"loss": [20.909854838888975, 14.333548009614946, 14.021013630650007], "accuracy": [0.756772417789367, 0.9152542372881356, 0.9229320585252788]}