{"loss": [16.620484320108837, 13.628631490272015, 13.128069615450421, 13.100234164174381, 12.944187198959183, 12.870210853036221, 12.929158765331914, 12.947647457603116, 12.773020157219797, 12.898890307795261], "accuracy": [0.8477473562219325, 0.9320585252788642, 0.9481384905113719, 0.9490076778212372, 0.9530638852672751, 0.9555265826452267, 0.9537882080254961, 0.9533536143705635, 0.958423873678111, 0.9546573953353614]}{"loss": [16.620484320108837, 13.628631490272015, 13.128069615450421, 13.100234164174381, 12.944187198959183, 12.870210853036221, 12.929158765331914, 12.947647457603116, 12.773020157219797, 12.898890307795261], "accuracy": [0.8477473562219325, 0.9320585252788642, 0.9481384905113719, 0.9490076778212372, 0.9530638852672751, 0.9555265826452267, 0.9537882080254961, 0.9533536143705635, 0.958423873678111, 0.9546573953353614], "TN": 3717.0, "FP": 10.0, "FN": 303.0, "TP": 2873.0, "Accuracy": 0.9546573953353614, "Recall (TPR)": 0.9045969773299748, "Precision": 0.9965313909122442, "FPR (Fall-out)": 0.002683123155352831, "DRN": 0.9973168768446472, "F_1 score": 0.9483413104472685}