{"loss": [12.815088272094727, 10.862981796264648, 10.62780475616455, 10.480770111083984, 10.46291446685791, 10.462906837463379, 10.463447570800781, 10.46767520904541, 10.46214771270752, 10.455236434936523, 10.465253829956055, 10.449103355407715, 10.452946662902832, 10.448735237121582, 10.454415321350098, 10.456733703613281, 10.437286376953125, 10.435372352600098, 10.446539878845215, 10.44572639465332, 10.436751365661621, 10.440305709838867, 10.438887596130371, 10.431848526000977, 10.424506187438965, 10.426849365234375, 10.41489028930664, 10.403752326965332, 10.41379451751709, 10.429587364196777, 10.407713890075684, 10.429802894592285, 10.417574882507324, 10.428976058959961, 10.42251205444336, 10.422307014465332], "accuracy": [0.9480831831657269, 0.9787718711852584, 0.9816783409870371, 0.9864594838109632, 0.9870880079055978, 0.9871207056908679, 0.987171568912399, 0.9870662093820846, 0.9872369644829391, 0.9874658489798291, 0.9871643027378946, 0.9876693018659536, 0.9875385107248735, 0.9876729349532058, 0.9875058129396036, 0.9874367842818114, 0.9880253444166716, 0.988116171597977, 0.9877637621345114, 0.9877855606580248, 0.988065308376446, 0.9879635819333837, 0.9879962797186537, 0.9882215311282916, 0.9884431494506772, 0.988374120792885, 0.9887301633436029, 0.9891043713305818, 0.9887919258268907, 0.9882941928733361, 0.9889699471022496, 0.9882832936115794, 0.988668400860315, 0.9883050921350928, 0.9884831134104517, 0.9885085450212172]}